"","ppm","OD"
"1",54.7280383899951,0.362453235
"2",199.46682141102,1.481784186
"3",162.579209065342,1.165956508
"4",176.507599962595,1.286233971
"5",113.380106319931,0.772246221
"6",157.715516532431,1.124506293
"7",108.892807232341,0.739228682
"8",167.111037401379,1.204905959
