OD,Concentration
0,0
5,0.77815125
10,1.041392685
15,1.204119983
20,1.322219295
